{
  "testURL": "http://localhost",
  "verbose": false,
  "rootDir": "..",
  "roots": [
    "<rootDir>/app",
    "<rootDir>/shared"
  ],
  "moduleNameMapper": {
    "^~/(.*)$": "<rootDir>/app/$1",
    "^@shared/(.*)$": "<rootDir>/shared/$1",
    "^.*[.](gif|ttf|eot|svg)$": "<rootDir>/__test__/fileMock.js"
  },
  "moduleDirectories": [
    "node_modules"
  ],
  "modulePaths": [
    "<rootDir>/app"
  ],
  "setupFiles": [
    "<rootDir>/__mocks__/window.js"
  ],
  "setupFilesAfterEnv": [
    "./app/test/setup.ts"
  ],
  "testEnvironment": "jsdom"
}